Model,eval_loss,eval_accuracy,eval_precision,eval_recall,eval_f1,eval_runtime,eval_samples_per_second,eval_steps_per_second
google/vit-base-patch16-224,6.5761284828186035,17.02,0.05446808510638298,0.1702127659574468,0.08252740167633785,25.0836,1.874,0.239
jonathanfernandes/vit-base-patch16-224-finetuned-flower,4.629232883453369,38.3,1.0,0.3829787234042553,0.4926713947990544,23.7315,1.98,0.253
